<?xml version="1.0" encoding="UTF-8"?>
<ns1:LayoutReply xmlns:ns1="http://www.uic.org/xml/passenger/01" xmlns:xsi="http://www.w3.org/2001/XMLSchema-instance" xsi:schemaLocation="http://www.uic.org/xml/passenger/01 D:\UIC\Standards\918-1\xml\v2.00\xml_schema_files\uic_layoutrp.xsd">
	<AllocatingSystem>80</AllocatingSystem>
	<LayoutData>
		<Layout LayoutCode="106">
			<LayoutNT>
				<GridSize x="108" y="20"/>
				<Items>
					<Place direction="R" nb="11" Type="1" x="2" y="10" zOrder="1"/>
					<Place direction="L" nb="12" Type="1" x="10" y="10" zOrder="1"/>
					<Place direction="R" nb="13" Type="1" x="2" y="6" zOrder="1"/>
					<Place direction="L" nb="14" Type="1" x="10" y="6" zOrder="1"/>
					<Place direction="R" nb="15" Type="1" x="2" y="2" zOrder="1"/>
					<Place direction="L" nb="16" Type="1" x="10" y="2" zOrder="1"/>
					<Place direction="R" nb="21" Type="1" x="14" y="10" zOrder="1"/>
					<Place direction="L" nb="22" Type="1" x="22" y="10" zOrder="1"/>
					<Place direction="R" nb="23" Type="1" x="14" y="6" zOrder="1"/>
					<Place direction="L" nb="24" Type="1" x="22" y="6" zOrder="1"/>
					<Place direction="R" nb="25" Type="1" x="14" y="2" zOrder="1"/>
					<Place direction="L" nb="26" Type="1" x="22" y="2" zOrder="1"/>
					<Place direction="R" nb="31" Type="1" x="26" y="10" zOrder="1"/>
					<Place direction="L" nb="32" Type="1" x="34" y="10" zOrder="1"/>
					<Place direction="R" nb="33" Type="1" x="26" y="6" zOrder="1"/>
					<Place direction="L" nb="34" Type="1" x="34" y="6" zOrder="1"/>
					<Place direction="R" nb="35" Type="1" x="26" y="2" zOrder="1"/>
					<Place direction="L" nb="36" Type="1" x="34" y="2" zOrder="1"/>
					<Place direction="R" nb="41" Type="1" x="38" y="10" zOrder="1"/>
					<Place direction="L" nb="42" Type="1" x="46" y="10" zOrder="1"/>
					<Place direction="R" nb="43" Type="1" x="38" y="6" zOrder="1"/>
					<Place direction="L" nb="44" Type="1" x="46" y="6" zOrder="1"/>
					<Place direction="R" nb="45" Type="1" x="38" y="2" zOrder="1"/>
					<Place direction="L" nb="46" Type="1" x="46" y="2" zOrder="1"/>
					<Place direction="R" nb="51" Type="1" x="50" y="10" zOrder="1"/>
					<Place direction="L" nb="52" Type="1" x="58" y="10" zOrder="1"/>
					<Place direction="R" nb="53" Type="1" x="50" y="6" zOrder="1"/>
					<Place direction="L" nb="54" Type="1" x="58" y="6" zOrder="1"/>
					<Place direction="R" nb="55" Type="1" x="50" y="2" zOrder="1"/>
					<Place direction="L" nb="56" Type="1" x="58" y="2" zOrder="1"/>
					<Place direction="R" nb="61" Type="1" x="62" y="10" zOrder="1"/>
					<Place direction="L" nb="62" Type="1" x="70" y="10" zOrder="1"/>
					<Place direction="R" nb="63" Type="1" x="62" y="6" zOrder="1"/>
					<Place direction="L" nb="64" Type="1" x="70" y="6" zOrder="1"/>
					<Place direction="R" nb="65" Type="1" x="62" y="2" zOrder="1"/>
					<Place direction="L" nb="66" Type="1" x="70" y="2" zOrder="1"/>
					<Place direction="R" nb="71" Type="1" x="74" y="10" zOrder="1"/>
					<Place direction="L" nb="72" Type="1" x="82" y="10" zOrder="1"/>
					<Place direction="R" nb="73" Type="1" x="74" y="6" zOrder="1"/>
					<Place direction="L" nb="74" Type="1" x="82" y="6" zOrder="1"/>
					<Place direction="R" nb="75" Type="1" x="74" y="2" zOrder="1"/>
					<Place direction="L" nb="76" Type="1" x="82" y="2" zOrder="1"/>
					<Place direction="R" nb="81" Type="1" x="86" y="10" zOrder="1"/>
					<Place direction="L" nb="82" Type="1" x="94" y="10" zOrder="1"/>
					<Place direction="R" nb="83" Type="1" x="86" y="6" zOrder="1"/>
					<Place direction="L" nb="84" Type="1" x="94" y="6" zOrder="1"/>
					<Place direction="R" nb="85" Type="1" x="86" y="2" zOrder="1"/>
					<Place direction="L" nb="86" Type="1" x="94" y="2" zOrder="1"/>
					<Place direction="R" nb="91" Type="1" x="98" y="10" zOrder="1"/>
					<Place direction="L" nb="92" Type="1" x="106" y="10" zOrder="1"/>
					<Place direction="R" nb="93" Type="1" x="98" y="6" zOrder="1"/>
					<Place direction="L" nb="94" Type="1" x="106" y="6" zOrder="1"/>
					<Place direction="R" nb="95" Type="1" x="98" y="2" zOrder="1"/>
					<Place direction="L" nb="96" Type="1" x="106" y="2" zOrder="1"/>
					<Internal mounting="U" Type="25" x="2" y="6" zOrder="0"/>
					<Internal mounting="U" Type="23" x="12" y="6" zOrder="0"/>
					<Internal mounting="U" Type="23" x="24" y="6" zOrder="0"/>
					<Internal mounting="U" Type="23" x="36" y="6" zOrder="0"/>
					<Internal mounting="U" Type="23" x="48" y="6" zOrder="0"/>
					<Internal mounting="U" Type="23" x="60" y="6" zOrder="0"/>
					<Internal mounting="U" Type="23" x="72" y="6" zOrder="0"/>
					<Internal mounting="U" Type="23" x="84" y="6" zOrder="0"/>
					<Internal mounting="U" Type="23" x="96" y="6" zOrder="0"/>
					<Internal mounting="U" Type="24" x="106" y="6" zOrder="0"/>
					<Sign Type="121" x="50" y="18" zOrder="2"/>
				</Items>
				</LayoutNT>
		</Layout>
		<Layout LayoutCode="107" Final="true">
			<LayoutNT>
				<GridSize x="108" y="20"/>
				<Items>
					<Place direction="R" nb="11" Type="1" x="2" y="10" zOrder="1"/>
					<Place direction="L" nb="12" Type="1" x="10" y="10" zOrder="1"/>
					<Place direction="R" nb="13" Type="1" x="2" y="6" zOrder="1"/>
					<Place direction="L" nb="14" Type="1" x="10" y="6" zOrder="1"/>
					<Place direction="R" nb="15" Type="1" x="2" y="2" zOrder="1"/>
					<Place direction="L" nb="16" Type="1" x="10" y="2" zOrder="1"/>
					<Place direction="R" nb="21" Type="1" x="14" y="10" zOrder="1"/>
					<Place direction="L" nb="22" Type="1" x="22" y="10" zOrder="1"/>
					<Place direction="R" nb="23" Type="1" x="14" y="6" zOrder="1"/>
					<Place direction="L" nb="24" Type="1" x="22" y="6" zOrder="1"/>
					<Place direction="R" nb="25" Type="1" x="14" y="2" zOrder="1"/>
					<Place direction="L" nb="26" Type="1" x="22" y="2" zOrder="1"/>
					<Place direction="R" nb="31" Type="1" x="26" y="10" zOrder="1"/>
					<Place direction="L" nb="32" Type="1" x="34" y="10" zOrder="1"/>
					<Place direction="R" nb="33" Type="1" x="26" y="6" zOrder="1"/>
					<Place direction="L" nb="34" Type="1" x="34" y="6" zOrder="1"/>
					<Place direction="R" nb="35" Type="1" x="26" y="2" zOrder="1"/>
					<Place direction="L" nb="36" Type="1" x="34" y="2" zOrder="1"/>
					<Place direction="R" nb="41" Type="1" x="38" y="10" zOrder="1"/>
					<Place direction="L" nb="42" Type="1" x="46" y="10" zOrder="1"/>
					<Place direction="R" nb="43" Type="1" x="38" y="6" zOrder="1"/>
					<Place direction="L" nb="44" Type="1" x="46" y="6" zOrder="1"/>
					<Place direction="R" nb="45" Type="1" x="38" y="2" zOrder="1"/>
					<Place direction="L" nb="46" Type="1" x="46" y="2" zOrder="1"/>
					<Place direction="R" nb="51" Type="1" x="50" y="10" zOrder="1"/>
					<Place direction="L" nb="52" Type="1" x="58" y="10" zOrder="1"/>
					<Place direction="R" nb="53" Type="1" x="50" y="6" zOrder="1"/>
					<Place direction="L" nb="54" Type="1" x="58" y="6" zOrder="1"/>
					<Place direction="R" nb="55" Type="1" x="50" y="2" zOrder="1"/>
					<Place direction="L" nb="56" Type="1" x="58" y="2" zOrder="1"/>
					<Place direction="R" nb="61" Type="1" x="62" y="10" zOrder="1"/>
					<Place direction="L" nb="62" Type="1" x="70" y="10" zOrder="1"/>
					<Place direction="R" nb="63" Type="1" x="62" y="6" zOrder="1"/>
					<Place direction="L" nb="64" Type="1" x="70" y="6" zOrder="1"/>
					<Place direction="R" nb="65" Type="1" x="62" y="2" zOrder="1"/>
					<Place direction="L" nb="66" Type="1" x="70" y="2" zOrder="1"/>
					<Place direction="R" nb="71" Type="1" x="74" y="10" zOrder="1"/>
					<Place direction="L" nb="72" Type="1" x="82" y="10" zOrder="1"/>
					<Place direction="R" nb="73" Type="1" x="74" y="6" zOrder="1"/>
					<Place direction="L" nb="74" Type="1" x="82" y="6" zOrder="1"/>
					<Place direction="R" nb="75" Type="1" x="74" y="2" zOrder="1"/>
					<Place direction="L" nb="76" Type="1" x="82" y="2" zOrder="1"/>
					<Place direction="R" nb="81" Type="1" x="86" y="10" zOrder="1"/>
					<Place direction="L" nb="82" Type="1" x="94" y="10" zOrder="1"/>
					<Place direction="R" nb="83" Type="1" x="86" y="6" zOrder="1"/>
					<Place direction="L" nb="84" Type="1" x="94" y="6" zOrder="1"/>
					<Place direction="R" nb="85" Type="1" x="86" y="2" zOrder="1"/>
					<Place direction="L" nb="86" Type="1" x="94" y="2" zOrder="1"/>
					<Internal mounting="U" Type="25" x="2" y="6" zOrder="0"/>
					<Internal mounting="U" Type="23" x="12" y="6" zOrder="0"/>
					<Internal mounting="U" Type="23" x="24" y="6" zOrder="0"/>
					<Internal mounting="U" Type="23" x="36" y="6" zOrder="0"/>
					<Internal mounting="U" Type="23" x="48" y="6" zOrder="0"/>
					<Internal mounting="U" Type="23" x="60" y="6" zOrder="0"/>
					<Internal mounting="U" Type="23" x="72" y="6" zOrder="0"/>
					<Internal mounting="U" Type="23" x="84" y="6" zOrder="0"/>
					<Internal mounting="U" Type="23" x="96" y="6" zOrder="0"/>
					<Sign Type="121" x="50" y="18" zOrder="2"/>
				</Items>
			</LayoutNT>
		</Layout>
	</LayoutData>
</ns1:LayoutReply>
