<?xml version="1.0" encoding="UTF-8"?>
<ns1:AvailabilityGBRequest xmlns:ns1="http://www.uic.org/xml/passenger/01" xmlns:xsi="http://www.w3.org/2001/XMLSchema-instance" xsi:schemaLocation="http://www.uic.org/xml/passenger/01 D:\UIC\Standards\918-1\xml\v2.00\xml_schema_files\uic_availgbrq.xsd">
	<Requestor RequestingSystem="80" SendingSystem="55">
		<Terminal Type="1">
			<Number>1234567</Number>
			<Country>DE</Country>
		</Terminal>
	</Requestor>
	<AvailabilityGBTrainRequest>
		<RequestedTrain SequenceId="1">
			<Train>66</Train>
			<DepartureDate>2011-02-18</DepartureDate>
			<DepartureStation>
				<Country>81</Country>
				<LocalCode>00101</LocalCode>
			</DepartureStation>
			<ArrivalStation>
				<Country>80</Country>
				<LocalCode>80600</LocalCode>
			</ArrivalStation>
		</RequestedTrain>
		<Service>1</Service>
		<Preferences>
			<SeatRequirements>
				<Passengers>2</Passengers>
				<Class>2</Class>
			</SeatRequirements>
		</Preferences>
	</AvailabilityGBTrainRequest>
</ns1:AvailabilityGBRequest>
