<?xml version="1.0" encoding="UTF-8"?>
<ns1:AvailabilityGBReply xmlns:ns1="http://www.uic.org/xml/passenger/01" xmlns:xsi="http://www.w3.org/2001/XMLSchema-instance" xsi:schemaLocation="http://www.uic.org/xml/passenger/01 D:\UIC\Standards\918-1\xml\v2.00\xml_schema_files\uic_availgbrp.xsd">
	<Requestor RequestingSystem="55" SendingSystem="80">
		<Terminal Type="1">
			<Number>1234567</Number>
			<Country>DE</Country>
		</Terminal>
	</Requestor>
	<AvailabilityGB>
		<Train>
			<DepartureStationName>WIEN WEST</DepartureStationName>
			<ArrivalStationName>MUENCHEN HBF</ArrivalStationName>
			<ServiceBrand>
				<Code>51</Code>
				<Abbreviation>ICE</Abbreviation>
				<Description>Intercity Express</Description>
			</ServiceBrand>
			<Train>66</Train>
			<DepartureDateTime>2011-02-18T16:14:00</DepartureDateTime>
			<ArrivalDateTime>2011-02-18T20:34:00.000</ArrivalDateTime>
		</Train>
		<avCoach gbStatus="2" number="21" layout="184" service="1">
			<avCmp Contingent="71">
				<avP nb="11"/>
				<avP nb="12"/>
				<avP nb="13"/>
				<avP nb="18"/>
			</avCmp>
			<avCmp Contingent="71">
				<avP nb="21"/>
				<avP nb="22"/>
				<avP nb="23"/>
				<avP nb="24"/>
				<avP nb="25"/>
				<avP nb="26"/>
				<avP nb="27"/>
				<avP nb="28"/>
			</avCmp>
			<avCmp>
				<avP nb="31"/>
				<avP nb="32"/>
				<avP nb="33"/>
				<avP nb="35"/>
				<avP nb="37"/>
				<avP nb="38"/>
			</avCmp>
			<avCmp>
				<avP nb="41"/>
				<avP nb="42"/>
				<avP nb="43"/>
				<avP nb="44"/>
				<avP nb="45"/>
				<avP nb="46"/>
				<avP nb="47"/>
				<avP nb="48"/>
			</avCmp>
			<avCmp>
				<avP nb="51"/>
				<avP nb="52"/>
				<avP nb="53"/>
				<avP nb="54"/>
				<avP nb="55"/>
				<avP nb="56"/>
				<avP nb="57"/>
				<avP nb="58"/>
			</avCmp>
			<avCmp>
				<avP nb="61"/>
				<avP nb="63"/>
				<avP nb="64"/>
				<avP nb="65"/>
				<avP nb="66"/>
				<avP nb="67"/>
			</avCmp>
			<avCmp>
				<avP nb="71"/>
				<avP nb="72"/>
				<avP nb="73"/>
				<avP nb="74"/>
				<avP nb="75"/>
				<avP nb="76"/>
				<avP nb="77"/>
				<avP nb="78"/>
			</avCmp>
			<avCmp>
				<avP nb="81"/>
				<avP nb="82"/>
				<avP nb="83"/>
				<avP nb="84"/>
				<avP nb="85"/>
				<avP nb="86"/>
				<avP nb="87"/>
				<avP nb="88"/>
			</avCmp>
			<avCmp>
				<avP nb="91"/>
				<avP nb="92"/>
				<avP nb="93"/>
				<avP nb="94"/>
				<avP nb="95"/>
				<avP nb="96"/>
				<avP nb="97"/>
				<avP nb="98"/>
			</avCmp>
			<avCmp>
				<avP nb="101"/>
				<avP nb="102"/>
				<avP nb="103"/>
				<avP nb="104"/>
				<avP nb="105"/>
				<avP nb="106"/>
				<avP nb="107"/>
				<avP nb="108"/>
			</avCmp>
			<avCmp>
				<avP nb="114"/>
				<avP nb="115"/>
				<avP nb="116"/>
				<avP nb="117"/>
			</avCmp>
		</avCoach>
		<avCoach gbStatus="2" number="22" layout="180" service="1">
			<avCmp Type="8">
				<avP nb="11"/>
				<avP nb="12"/>
				<avP nb="13"/>
				<avP nb="18"/>
			</avCmp>
			<avCmp Contingent="79">
				<avP nb="14" sta="3"/>
				<avP nb="15" sta="3"/>
				<avP nb="16" sta="3"/>
				<avP nb="17" sta="3"/>
			</avCmp>
			<avCmp Contingent="79">
				<avP nb="21" sta="3"/>
				<avP nb="22" sta="3"/>
				<avP nb="23" sta="3"/>
				<avP nb="24" sta="3"/>
				<avP nb="25" sta="3"/>
				<avP nb="26" sta="3"/>
				<avP nb="27" sta="3"/>
				<avP nb="28" sta="3"/>
			</avCmp>
			<avCmp>
				<avP nb="31"/>
				<avP nb="32"/>
				<avP nb="33"/>
				<avP nb="35"/>
				<avP nb="37"/>
				<avP nb="38"/>
			</avCmp>
			<avCmp>
				<avP nb="41"/>
				<avP nb="42"/>
				<avP nb="43"/>
				<avP nb="44"/>
				<avP nb="45"/>
				<avP nb="46"/>
				<avP nb="47"/>
				<avP nb="48"/>
			</avCmp>
			<avCmp>
				<avP nb="51"/>
				<avP nb="52"/>
				<avP nb="53"/>
				<avP nb="54"/>
				<avP nb="55"/>
				<avP nb="56"/>
				<avP nb="57"/>
				<avP nb="58"/>
			</avCmp>
			<avCmp>
				<avP nb="61"/>
				<avP nb="63"/>
				<avP nb="64"/>
				<avP nb="65"/>
				<avP nb="66"/>
				<avP nb="67"/>
			</avCmp>
			<avCmp>
				<avP nb="71"/>
				<avP nb="72"/>
				<avP nb="73"/>
				<avP nb="74"/>
				<avP nb="75"/>
				<avP nb="76"/>
				<avP nb="77"/>
				<avP nb="78"/>
			</avCmp>
			<avCmp>
				<avP nb="81"/>
				<avP nb="82"/>
				<avP nb="83"/>
				<avP nb="84"/>
				<avP nb="85"/>
				<avP nb="86"/>
				<avP nb="87"/>
				<avP nb="88"/>
			</avCmp>
			<avCmp>
				<avP nb="91"/>
				<avP nb="92"/>
				<avP nb="93"/>
				<avP nb="94"/>
				<avP nb="95"/>
				<avP nb="96"/>
				<avP nb="97"/>
				<avP nb="98"/>
			</avCmp>
			<avCmp>
				<avP nb="101"/>
				<avP nb="102"/>
				<avP nb="103"/>
				<avP nb="104"/>
				<avP nb="105"/>
				<avP nb="106"/>
				<avP nb="107"/>
				<avP nb="108"/>
			</avCmp>
			<avCmp>
				<avP nb="114"/>
				<avP nb="115"/>
				<avP nb="116"/>
				<avP nb="117"/>
			</avCmp>
		</avCoach>
		<avCoach gbStatus="2" number="23" layout="181" service="1">
			<avCmp Type="11">
				<avP nb="11"/>
				<avP nb="12"/>
				<avP nb="13"/>
				<avP nb="14"/>
				<avP nb="15"/>
				<avP nb="16"/>
				<avP nb="17"/>
				<avP nb="18"/>
			</avCmp>
			<avCmp Type="11">
				<avP nb="21"/>
				<avP nb="22"/>
				<avP nb="23"/>
				<avP nb="24"/>
				<avP nb="25"/>
				<avP nb="26"/>
				<avP nb="27"/>
				<avP nb="28"/>
			</avCmp>
			<avCmp Type="11">
				<avP nb="31"/>
				<avP nb="32"/>
				<avP nb="33"/>
				<avP nb="35"/>
				<avP nb="37"/>
				<avP nb="38"/>
			</avCmp>
			<avCmp Type="11">
				<avP nb="41"/>
				<avP nb="42"/>
				<avP nb="43"/>
				<avP nb="44"/>
				<avP nb="45"/>
				<avP nb="46"/>
				<avP nb="47"/>
				<avP nb="48"/>
			</avCmp>
			<avCmp Type="11">
				<avP nb="51"/>
				<avP nb="52"/>
				<avP nb="53"/>
				<avP nb="54"/>
				<avP nb="55"/>
				<avP nb="56"/>
				<avP nb="57"/>
				<avP nb="58"/>
			</avCmp>
			<avCmp Type="11">
				<avP nb="61"/>
				<avP nb="63"/>
				<avP nb="64"/>
				<avP nb="65"/>
				<avP nb="66"/>
				<avP nb="67"/>
			</avCmp>
			<avCmp Type="11">
				<avP nb="71"/>
				<avP nb="72"/>
				<avP nb="73"/>
				<avP nb="74"/>
				<avP nb="75"/>
				<avP nb="76"/>
				<avP nb="77"/>
				<avP nb="78"/>
			</avCmp>
			<avCmp Type="11">
				<avP nb="81"/>
				<avP nb="82"/>
				<avP nb="83"/>
				<avP nb="84"/>
				<avP nb="85"/>
				<avP nb="86"/>
				<avP nb="87"/>
				<avP nb="88"/>
			</avCmp>
			<avCmp Type="11">
				<avP nb="91"/>
				<avP nb="92"/>
				<avP nb="93"/>
				<avP nb="94"/>
				<avP nb="95"/>
				<avP nb="96"/>
				<avP nb="97"/>
				<avP nb="98"/>
			</avCmp>
			<avCmp Type="11">
				<avP nb="101"/>
				<avP nb="102"/>
				<avP nb="103"/>
				<avP nb="104"/>
				<avP nb="105"/>
				<avP nb="106"/>
				<avP nb="107"/>
				<avP nb="108"/>
			</avCmp>
			<avCmp Type="11">
				<avP nb="114"/>
				<avP nb="115"/>
				<avP nb="116"/>
				<avP nb="117"/>
			</avCmp>
		</avCoach>
		<avCoach gbStatus="2" number="24" layout="182" service="1">
			<avCmp>
				<avP nb="11"/>
				<avP nb="12"/>
				<avP nb="13"/>
				<avP nb="14"/>
				<avP nb="15"/>
				<avP nb="16"/>
				<avP nb="17"/>
				<avP nb="18"/>
			</avCmp>
			<avCmp>
				<avP nb="21"/>
				<avP nb="22"/>
				<avP nb="23"/>
				<avP nb="24"/>
				<avP nb="25"/>
				<avP nb="26"/>
				<avP nb="27"/>
				<avP nb="28"/>
			</avCmp>
			<avCmp>
				<avP nb="31"/>
				<avP nb="32"/>
				<avP nb="33"/>
				<avP nb="35"/>
				<avP nb="37"/>
				<avP nb="38"/>
			</avCmp>
			<avCmp>
				<avP nb="41"/>
				<avP nb="42"/>
				<avP nb="43"/>
				<avP nb="44"/>
				<avP nb="45"/>
				<avP nb="46"/>
				<avP nb="47"/>
				<avP nb="48"/>
			</avCmp>
			<avCmp>
				<avP nb="51"/>
				<avP nb="52"/>
				<avP nb="53"/>
				<avP nb="54"/>
				<avP nb="55"/>
				<avP nb="56"/>
				<avP nb="57"/>
				<avP nb="58"/>
			</avCmp>
			<avCmp>
				<avP nb="61"/>
				<avP nb="63"/>
				<avP nb="64"/>
				<avP nb="65"/>
				<avP nb="66"/>
				<avP nb="67"/>
			</avCmp>
			<avCmp>
				<avP nb="71"/>
				<avP nb="72"/>
				<avP nb="73"/>
				<avP nb="74"/>
				<avP nb="75"/>
				<avP nb="76"/>
				<avP nb="77"/>
				<avP nb="78"/>
			</avCmp>
			<avCmp>
				<avP nb="81"/>
				<avP nb="82"/>
				<avP nb="83"/>
				<avP nb="84"/>
				<avP nb="85"/>
				<avP nb="86"/>
				<avP nb="87"/>
				<avP nb="88"/>
			</avCmp>
			<avCmp>
				<avP nb="91"/>
				<avP nb="92"/>
				<avP nb="93"/>
				<avP nb="94"/>
				<avP nb="95"/>
				<avP nb="96"/>
				<avP nb="97"/>
				<avP nb="98"/>
			</avCmp>
			<avCmp>
				<avP nb="101"/>
				<avP nb="102"/>
				<avP nb="103"/>
				<avP nb="104"/>
				<avP nb="105"/>
				<avP nb="106"/>
				<avP nb="107"/>
				<avP nb="108"/>
			</avCmp>
			<avCmp>
				<avP nb="114"/>
				<avP nb="115"/>
				<avP nb="116"/>
				<avP nb="117"/>
			</avCmp>
		</avCoach>
		<avCoach gbStatus="2" number="25" layout="90" service="1">
			<avCmp>
				<avP nb="12" sta="3"/>
				<avP nb="16" sta="3"/>
			</avCmp>
			<avCmp>
				<avP nb="23" sta="3"/>
			</avCmp>
			<avCmp Contingent="68">
				<avP nb="21" sta="3"/>
				<avP nb="22" sta="3"/>
				<avP nb="24" sta="3"/>
			</avCmp>
			<avCmp>
				<avP nb="25"/>
				<avP nb="26"/>
			</avCmp>
		</avCoach>
		<avCoach gbStatus="2" number="26" layout="85" service="1">
			<avCmp>
				<avP nb="11"/>
				<avP nb="15"/>
			</avCmp>
			<avCmp>
				<avP nb="21"/>
				<avP nb="22"/>
				<avP nb="23"/>
				<avP nb="24"/>
				<avP nb="25"/>
				<avP nb="26"/>
			</avCmp>
			<avCmp>
				<avP nb="31"/>
				<avP nb="32"/>
				<avP nb="33"/>
				<avP nb="34"/>
				<avP nb="35"/>
				<avP nb="36"/>
			</avCmp>
			<avCmp>
				<avP nb="41"/>
				<avP nb="42"/>
				<avP nb="43"/>
				<avP nb="44"/>
				<avP nb="45"/>
				<avP nb="46"/>
			</avCmp>
			<avCmp>
				<avP nb="51"/>
				<avP nb="52"/>
				<avP nb="53"/>
				<avP nb="54"/>
				<avP nb="55"/>
				<avP nb="56"/>
			</avCmp>
			<avCmp>
				<avP nb="61"/>
				<avP nb="63"/>
				<avP nb="65"/>
			</avCmp>
			<avCmp>
				<avP nb="71"/>
				<avP nb="72"/>
				<avP nb="73"/>
				<avP nb="74"/>
				<avP nb="75"/>
				<avP nb="76"/>
			</avCmp>
			<avCmp>
				<avP nb="81"/>
				<avP nb="82"/>
				<avP nb="83"/>
				<avP nb="84"/>
				<avP nb="85"/>
				<avP nb="86"/>
			</avCmp>
			<avCmp>
				<avP nb="91"/>
				<avP nb="92"/>
				<avP nb="93"/>
				<avP nb="94"/>
				<avP nb="95"/>
				<avP nb="96"/>
			</avCmp>
			<avCmp Contingent="79">
				<avP nb="101" sta="3"/>
				<avP nb="103" sta="3"/>
				<avP nb="104" sta="3"/>
				<avP nb="105" sta="3"/>
				<avP nb="106" sta="3"/>
			</avCmp>
			<avCmp Contingent="79">
				<avP nb="113" sta="3"/>
				<avP nb="115" sta="3"/>
			</avCmp>
		</avCoach>
		<avCoach gbStatus="2" number="27" layout="71" service="1">
			<avCmp Type="11">
				<avP nb="61"/>
				<avP nb="62"/>
				<avP nb="63"/>
				<avP nb="64"/>
				<avP nb="65"/>
				<avP nb="66"/>
			</avCmp>
			<avCmp Type="11">
				<avP nb="73"/>
				<avP nb="74"/>
				<avP nb="75"/>
				<avP nb="76"/>
			</avCmp>
			<avCmp Type="40">
				<avP nb="12"/>
				<avP nb="13"/>
				<avP nb="16"/>
			</avCmp>
			<avCmp Type="40">
				<avP nb="21"/>
				<avP nb="23"/>
				<avP nb="24"/>
				<avP nb="26"/>
			</avCmp>
			<avCmp Type="40">
				<avP nb="32"/>
				<avP nb="33"/>
				<avP nb="34"/>
				<avP nb="35"/>
			</avCmp>
			<avCmp Type="40">
				<avP nb="41"/>
				<avP nb="44"/>
				<avP nb="45"/>
			</avCmp>
			<avCmp Type="40">
				<avP nb="51"/>
				<avP nb="55"/>
			</avCmp>
		</avCoach>
		<AllocationOffer>
			<CoachNb>27</CoachNb>
			<Place>44</Place>
			<Place>45</Place>
		</AllocationOffer>
	</AvailabilityGB>
</ns1:AvailabilityGBReply>
